Country Name,Country Code,Indicator Name,Indicator Code,1990,1991,1992,1993,1994,1995,1996,1997,1998,1999,2000,2001,2002,2003,2004,2005,2006,2007,2008,2009,2010,2011,2012,2013,2014,2015
Aruba,ABW,Renewable energy consumption (% of total final energy consumption),EG.FEC.RNEW.ZS,0.27,0.23,0.24,0.2,0.18,0.17,0.17,0.16,0.16,0.16,0.18,0.18,0.18,0.18,0.19,0.19,0.19,0.19,0.19,0.3,5.46,5.66,6.86,6.89,6.93,6.73
Africa Eastern and Southern,AFE,Renewable energy consumption (% of total final energy consumption),EG.FEC.RNEW.ZS,60.91000306,62.18392406,63.98302015,64.71246035,65.20784206,64.80335207,64.03098981,63.29542797,64.01414646,65.09799341,65.44952389,65.87869899,65.15211532,64.72959729,63.77519475,63.24390961,62.90422055,61.64290919,62.02936947,61.42042071,63.09983684,63.12465243,61.71839676,61.08268528,61.49957684,62.12833789
Afghanistan,AFG,Renewable energy consumption (% of total final energy consumption),EG.FEC.RNEW.ZS,23,23.69,27.38,28.5,30.14,31.8,33.89,36.42,38.02,43.44,44.99,45.6,37.83,36.66,44.24,33.88,31.89,28.78,21.17,16.53,15.15,12.61,15.36,16.86,18.93,17.53
Africa Western and Central,AFW,Renewable energy consumption (% of total final energy consumption),EG.FEC.RNEW.ZS,85.92851413,85.31898026,83.87479865,85.17217491,86.6081074,86.19954397,85.15969625,83.91045149,84.63522831,84.03089338,83.27330481,82.12037223,81.86492539,80.81459057,80.87577047,81.05681649,81.98014679,82.48645934,81.61058984,82.81863034,80.93951372,79.57691267,78.88687644,77.13794122,76.13580249,76.68916006
Angola,AGO,Renewable energy consumption (% of total final energy consumption),EG.FEC.RNEW.ZS,72.26,71.89,72.72,71.28,72.22,73.76,72.76,73.16,76.11,72.42,73.44,72.34,70.42,65.14,61.92,68.38,62.13,58.49,54.88,52.41,52.51,51.06,49.47,47.95,48.27,47.84
Albania,ALB,Renewable energy consumption (% of total final energy consumption),EG.FEC.RNEW.ZS,25.5,32.98,46.78,51.12,51.43,50.58,51.6,55.93,49.94,42.63,41.36,39.04,35.82,33.67,35.84,36.77,31.62,32,35.79,37.09,36.99,35.84,39.91,41.14,38.56,38.49
Andorra,AND,Renewable energy consumption (% of total final energy consumption),EG.FEC.RNEW.ZS,14.05,14.05,14.08,13.72,14.36,14.28,13.89,13.98,14.23,14.32,14.51,15.39,15.83,16.52,16.57,16.61,17.57,16.56,17.02,17.13,18.67,18.55,18.76,19.14,19.45,19.32
Arab World,ARB,Renewable energy consumption (% of total final energy consumption),EG.FEC.RNEW.ZS,7.438822768,7.349622577,6.98156458,6.83182617,6.967714109,6.904819203,6.928486147,6.955254274,6.824347276,6.816292398,6.672581764,6.516335164,6.360584005,6.463016794,6.771387699,6.41614597,6.204323799,5.610333675,5.146764842,5.051839928,4.825768852,4.672720691,4.449686682,4.484017769,4.35892993,4.223495009
United Arab Emirates,ARE,Renewable energy consumption (% of total final energy consumption),EG.FEC.RNEW.ZS,0,0,0.19,0.15,0.12,0.11,0.08,0.08,0.07,0.07,0.08,0.06,0.07,0.07,0.1,0.11,0.12,0.11,0.11,0.11,0.11,0.11,0.1,0.1,0.14,0.13
Argentina,ARG,Renewable energy consumption (% of total final energy consumption),EG.FEC.RNEW.ZS,8.57,8.42,9.01,9.68,9.97,10.18,8.64,9.72,9.62,8.79,9.85,11.51,11.62,10.82,9.29,9.64,9.18,7.72,7.65,8.59,8.79,8.83,8.61,8.91,9.79,9.4
Armenia,ARM,Renewable energy consumption (% of total final energy consumption),EG.FEC.RNEW.ZS,2.12,2.31,6.68,12.93,17.76,9.27,12.47,10.12,9.38,8.36,7.16,5.42,8.9,9.81,8.71,6.49,7.65,7.02,6.4,7.8,9.36,8.01,6.56,6.77,7.08,10.74
American Samoa,ASM,Renewable energy consumption (% of total final energy consumption),EG.FEC.RNEW.ZS,0,0,0,0,0,0,0,0,0,0,0,0,0,0,0,0,0,0,0,0,0,0,0.14,0.24,0.23,0.23
Antigua and Barbuda,ATG,Renewable energy consumption (% of total final energy consumption),EG.FEC.RNEW.ZS,0,0,0,0,0,0,0,0,0,0,0,0,0,0,0,0,0,0,0,0,0,0.06,0.11,0.11,0.11,0.36
Australia,AUS,Renewable energy consumption (% of total final energy consumption),EG.FEC.RNEW.ZS,8.01,8.25,7.52,8.62,8.26,8.22,8.87,9.08,8.6,8.51,8.42,8.37,8.74,7.15,6.68,6.71,6.85,6.95,6.79,7.15,8.16,8.32,8.3,9.22,9.33,9.32
Austria,AUT,Renewable energy consumption (% of total final energy consumption),EG.FEC.RNEW.ZS,25.17,24.53,26.17,26.39,25.72,25.67,24.08,24.92,24.46,26.49,26.43,25.53,24.68,22.56,23.17,24.41,26.64,28.99,29.68,31.31,31.15,31.64,34.37,34.58,35.67,34.82
Azerbaijan,AZE,Renewable energy consumption (% of total final energy consumption),EG.FEC.RNEW.ZS,0.72,0.8,1.22,1.98,1.52,1.37,1.74,1.99,2.48,2.14,2.07,1.75,2.35,2.94,3.07,3.36,2.86,3.78,3.08,3.27,4.45,3.55,2.84,2.52,2.12,2.33
Burundi,BDI,Renewable energy consumption (% of total final energy consumption),EG.FEC.RNEW.ZS,94.64,93.5,94.27,93.98,93.94,93.73,93.49,93.39,93.25,93.75,93.23,94.84,94.65,95.76,96.04,96.01,95.31,95.29,95.15,95.18,92.58,91.66,91.47,91.11,91.31,91.18
Belgium,BEL,Renewable energy consumption (% of total final energy consumption),EG.FEC.RNEW.ZS,1.27,1.21,1.19,0.96,0.94,1.26,1.19,1.15,1.29,1.4,1.44,1.58,1.68,1.89,2.04,2.44,2.87,3.4,3.95,4.87,6.25,6.7,7.69,8.26,9.13,9.42
Benin,BEN,Renewable energy consumption (% of total final energy consumption),EG.FEC.RNEW.ZS,93.7,94.97,94.85,94.99,94.98,94.77,84.15,80.63,79.57,76.91,70.29,66.86,64.04,61.73,60.69,59.2,57.31,54.49,54.76,52.83,47.19,48.7,50.33,51.97,51.05,49.94
Burkina Faso,BFA,Renewable energy consumption (% of total final energy consumption),EG.FEC.RNEW.ZS,89.14,89.19,89.12,89.21,89.19,88.65,87.88,86.79,86.29,86.86,85.4,85.49,85.43,85.3,85.31,87.7,85.88,84.3,84.43,84.81,82.8,81.98,78.79,77.09,76.84,74.55
Bangladesh,BGD,Renewable energy consumption (% of total final energy consumption),EG.FEC.RNEW.ZS,71.67,73.16,71.66,70.56,68.98,63.81,62.13,59.98,60.24,60.54,60.2,55.96,54.47,52.62,52.05,50.66,48.69,47.19,45.2,43.1,40.31,38.44,37.36,36.96,35.34,31.12
Bulgaria,BGR,Renewable energy consumption (% of total final energy consumption),EG.FEC.RNEW.ZS,1.81,2.18,2.59,2.38,2.28,3.03,3.53,3.76,5.83,6.58,7.97,7.24,8.7,9.16,9.55,9.83,9.96,8.85,9.94,11.62,14.27,13.22,15.63,18.24,17.15,17.85
Bahrain,BHR,Renewable energy consumption (% of total final energy consumption),EG.FEC.RNEW.ZS,0,0,0,0,0,0,0,0,0,0,0,0,0,0,0,0,0,0,0,0,0,0,0,0,0,0
"Bahamas, The",BHS,Renewable energy consumption (% of total final energy consumption),EG.FEC.RNEW.ZS,0,0,0,0,0,0,0,0,0,0,0,0.42,0.38,1.54,1.59,1.71,2.01,3.54,1.97,1.53,1.3,1.44,1.41,1.43,1.4,1.45
Bosnia and Herzegovina,BIH,Renewable energy consumption (% of total final energy consumption),EG.FEC.RNEW.ZS,7.3,8.76,11.57,14.61,33.38,33.22,32.85,27.6,26.74,28.43,19.35,20.27,21.21,20.14,20.1,19.73,18.12,14.84,14.28,17.43,19.57,14.16,15.28,19.48,23.65,25.25
Belarus,BLR,Renewable energy consumption (% of total final energy consumption),EG.FEC.RNEW.ZS,0.92,1.01,1.17,1.4,2.31,2.82,3.49,3.82,4.12,4.5,5.65,6.26,6.52,6.25,6.27,6.83,7.2,7.28,7.08,7.39,7.29,7.52,7.24,6.97,6.69,6.82
Belize,BLZ,Renewable energy consumption (% of total final energy consumption),EG.FEC.RNEW.ZS,38.01,32.44,36.29,35.6,34.08,34.92,42.68,36.66,35.32,35.89,34.55,29.61,31.19,30.18,32.02,31.01,36.8,32.31,34.06,29.18,32.93,44.36,50.07,40.99,37.43,30.32
Bermuda,BMU,Renewable energy consumption (% of total final energy consumption),EG.FEC.RNEW.ZS,0,0,0,0,0,0.26,0.41,0.43,0.44,0.48,0.46,0.54,0.51,0.51,0.52,0.49,0.44,0.5,0.46,0.43,0.43,0.42,0.44,1.47,0.43,0.55
Bolivia,BOL,Renewable energy consumption (% of total final energy consumption),EG.FEC.RNEW.ZS,37.02,38.1,36.88,36.91,35.16,33.17,32.39,31.97,30.62,30.77,29.79,29.59,28.67,27.52,26.26,25.07,23.7,22.07,21.3,20.62,19.93,18.1,17.36,16.02,15.03,14.22
Brazil,BRA,Renewable energy consumption (% of total final energy consumption),EG.FEC.RNEW.ZS,49.82,48.89,48.65,48.15,48.3,46.08,44.48,43.66,43.79,43.98,42.66,41.33,42.85,45.11,45.18,46.13,46.67,47.19,47.04,48.92,46.81,45.26,43.49,42.32,41.71,43.62
Barbados,BRB,Renewable energy consumption (% of total final energy consumption),EG.FEC.RNEW.ZS,13.14,12.59,11.96,11.01,10.03,10.42,10.73,9.57,7.38,7.91,7.91,7.68,6.97,6.19,6.28,6.38,6.59,6.36,5.7,6.53,6.41,3.12,3.01,2.37,2.33,2.13
Brunei Darussalam,BRN,Renewable energy consumption (% of total final energy consumption),EG.FEC.RNEW.ZS,0.67,0.43,0.21,0,0,0,0,0,0,0,0,0,0,0,0,0,0,0,0,0,0,0.02,0.01,0.01,0.01,0.01
Bhutan,BTN,Renewable energy consumption (% of total final energy consumption),EG.FEC.RNEW.ZS,95.9,95.92,95.29,95.86,95.29,94.37,93.24,91.35,91.53,91.57,91.4,91.75,91.2,91.92,93.46,91.67,91.92,92.07,91.81,92.38,90.8,89.01,87.32,86.7,86.54,86.68
Botswana,BWA,Renewable energy consumption (% of total final energy consumption),EG.FEC.RNEW.ZS,49.03,49.51,46.1,47.34,49.84,48.86,46.44,45.78,39.2,41.6,38.46,37.51,36.13,36.21,34.34,33,31.4,29.03,27.86,28.29,29.41,28.41,27.55,26.36,25.38,25.59
Central African Republic,CAF,Renewable energy consumption (% of total final energy consumption),EG.FEC.RNEW.ZS,93.87,94.14,94.08,93.82,93.19,93.05,91.66,91.86,89.02,88.95,88.9,88.92,89.22,90.25,90.64,90.96,90.8,90.88,93.64,93.91,93.84,93.33,93.07,95.08,94.82,92.86
Canada,CAN,Renewable energy consumption (% of total final energy consumption),EG.FEC.RNEW.ZS,22.53,22.67,22.38,22.26,22.13,22.39,22.02,21.78,21.98,22.18,22.04,21.53,21.77,21.18,21.58,21.26,21.18,21.26,21.3,21.94,21.13,21.17,21.44,21.84,21.83,21.83
Central Europe and the Baltics,CEB,Renewable energy consumption (% of total final energy consumption),EG.FEC.RNEW.ZS,4.134185354,4.786193355,5.377440568,7.206592975,7.52961006,7.848959657,8.350131581,8.996463341,9.466858231,9.732535983,9.941113637,9.883865735,10.15476728,10.27324891,10.79038964,11.29141309,11.08469853,11.37731317,12.18365836,13.76515799,14.56117034,14.76326393,15.69728773,16.66788554,17.08006189,17.14503437
Switzerland,CHE,Renewable energy consumption (% of total final energy consumption),EG.FEC.RNEW.ZS,16.8,17.11,17.01,17.99,18.33,17.63,16.69,17.41,17.07,18.38,18.19,18.72,18.19,18.03,18.1,18.73,18.07,19.31,19.55,19.97,20.56,20.57,21.88,21.83,22.2,23.94
Channel Islands,CHI,Renewable energy consumption (% of total final energy consumption),EG.FEC.RNEW.ZS,,,,,,,,,,,,,,,,,,,,,,,,,,
Chile,CHL,Renewable energy consumption (% of total final energy consumption),EG.FEC.RNEW.ZS,34.03,37.27,38.62,35.77,34.82,34.17,32.23,29.96,29.75,29.06,31.36,32.15,33.07,31.62,31.44,32.26,32.91,30.46,30.83,31.53,27.04,28.79,30.31,30.23,26.95,25.06
China,CHN,Renewable energy consumption (% of total final energy consumption),EG.FEC.RNEW.ZS,33.91,33.08,32.75,31.51,31.1,29.35,30.54,29.99,29.53,30.29,29.63,28.36,27,23.86,20.17,17.44,16.39,14.88,14.14,13.43,12.26,11.34,11.53,11.47,11.91,12.18
Cote d'Ivoire,CIV,Renewable energy consumption (% of total final energy consumption),EG.FEC.RNEW.ZS,73.59,74.02,74.56,75.13,75.61,74.89,74.04,72.14,73.45,61.93,63.72,64.73,65.32,70.32,75.4,77.92,74.79,76.33,74.21,73.71,75.42,79.11,74.9,72.16,71.91,64.51
Cameroon,CMR,Renewable energy consumption (% of total final energy consumption),EG.FEC.RNEW.ZS,81.6,83.19,84.44,83.94,83.61,84.48,84.94,84.69,84.49,86.23,84.59,85.3,85.26,85.3,85.53,86.31,85.51,80.82,80.82,79.22,78.74,78.63,78.57,77.67,76.88,78.06
"Congo, Dem. Rep.",COD,Renewable energy consumption (% of total final energy consumption),EG.FEC.RNEW.ZS,92.05,95.14,95.88,96.11,96.61,96.9,96.96,97.06,96.85,96.99,97.94,98.34,98.27,97.97,97.88,97.42,97.33,97.17,96.97,97.02,96.81,96.21,95.47,93.92,92.87,95.82
"Congo, Rep.",COG,Renewable energy consumption (% of total final energy consumption),EG.FEC.RNEW.ZS,65.42,64.57,67.61,68.42,76.47,69.8,75.41,80.16,79.74,76.96,64.86,61.18,68.53,61.99,63.03,63.11,69.42,60.34,56.86,56.03,54.8,64.62,65.3,62.51,62.27,64.15
Colombia,COL,Renewable energy consumption (% of total final energy consumption),EG.FEC.RNEW.ZS,38.06,36.82,33.07,33.01,33.77,33.54,33.62,25.67,25.82,28.99,27.85,27.08,28.63,30.55,29.04,28.94,29.58,30.3,29.85,30.78,29.63,28.74,28.8,32.13,32.22,31.46
Comoros,COM,Renewable energy consumption (% of total final energy consumption),EG.FEC.RNEW.ZS,74,73.4,73.63,73.06,73.29,73,73.44,72.92,71.54,71.09,69.87,69.51,70.31,64.39,63.52,65.74,61.81,74.36,73.44,68.53,66.02,68.99,67.5,62.23,65.8,64.06
Cabo Verde,CPV,Renewable energy consumption (% of total final energy consumption),EG.FEC.RNEW.ZS,21.07,26.27,26.34,30.42,32.43,30.82,30.19,30.49,30.03,26.86,27.88,25.97,25.98,24.83,24.38,23.88,21.18,21.04,23.81,22.08,21.22,20.78,24.26,25.94,26.11,26.35
Costa Rica,CRI,Renewable energy consumption (% of total final energy consumption),EG.FEC.RNEW.ZS,45.37,44.68,35.12,36.28,35.82,35.01,36.6,33.58,28.89,29.89,32.95,32.1,32.54,33.3,39.16,41.73,42.4,41.18,40.7,40.72,40.39,38.02,38.06,37.8,37.62,38.33
Caribbean small states,CSS,Renewable energy consumption (% of total final energy consumption),EG.FEC.RNEW.ZS,14.49107637,12.09524013,12.37702985,13.02708513,11.69950547,11.73365301,11.18516464,11.09703848,9.722472984,9.415989583,10.47085062,9.72910647,10.0844905,9.513926879,8.873358349,7.735623286,7.653012318,7.436501465,7.881374269,8.351082209,8.058438548,9.126793413,8.90572291,7.978259036,7.346029542,7.465131222
Cuba,CUB,Renewable energy consumption (% of total final energy consumption),EG.FEC.RNEW.ZS,42.89,47.18,51.31,46.87,45.78,41.26,41.43,36.8,34.81,33.71,34.43,34.05,34.8,33.56,33.77,26.31,21.96,18.59,18.73,18.97,15.61,19.2,19.38,18.24,23.16,21.15
Curacao,CUW,Renewable energy consumption (% of total final energy consumption),EG.FEC.RNEW.ZS,0,0,0,0.1,0.08,0.08,0.08,0.08,0.08,0.08,0.07,0.63,0.6,0.61,0.61,0.6,0.59,0.58,0.51,0.51,0.5,0.5,0.57,1.12,1.36,1.31
Cayman Islands,CYM,Renewable energy consumption (% of total final energy consumption),EG.FEC.RNEW.ZS,0,0,0,0,0,0,0,0,0,0,0,0,0,0,0,0,0,0,0,0.01,0.01,0.02,0.01,0.01,0.01,0.01
Cyprus,CYP,Renewable energy consumption (% of total final energy consumption),EG.FEC.RNEW.ZS,0.49,0.36,0.34,0.33,0.72,3.33,3.33,3.27,3.24,3.2,3.08,3.03,3.16,3.24,3.29,3.34,3.5,4.32,5.45,6.29,6.5,7.6,8.6,9.73,9.49,10.41
Czechia,CZE,Renewable energy consumption (% of total final energy consumption),EG.FEC.RNEW.ZS,3.57,3.98,5.9,5.82,5.91,5.3,5.24,5.65,5.97,6.48,5.94,6.29,7.28,6.72,7.13,7.53,7.88,8.32,8.99,10.25,10.95,12.16,12.8,13.95,14.85,14.84
Germany,DEU,Renewable energy consumption (% of total final energy consumption),EG.FEC.RNEW.ZS,2.1,1.99,2.06,2.11,2.27,2.32,2.25,2.82,3.05,3.26,3.7,3.9,4.41,5.44,6.34,7.28,8.59,10.47,10.25,10.72,11.61,12.54,13.64,13.63,14.02,14.55
Djibouti,DJI,Renewable energy consumption (% of total final energy consumption),EG.FEC.RNEW.ZS,29.65,30.14,30.26,31.17,32.41,32.22,33.97,32.04,29.6,29.58,31.44,31.68,32.44,32.88,33.62,33.09,33.01,32.52,33.14,34.38,32.54,34.62,34.09,34.42,30.91,28.24
Dominica,DMA,Renewable energy consumption (% of total final energy consumption),EG.FEC.RNEW.ZS,14.6,14.51,14.49,13.41,13.11,15.65,20.85,15.52,15.01,14.08,11.06,9.41,13.6,10.56,11.4,10.02,9.82,7.75,7.96,7.48,10.28,13.8,11.33,11.41,9.86,8.68
Denmark,DNK,Renewable energy consumption (% of total final energy consumption),EG.FEC.RNEW.ZS,7.05,7.07,7.75,7.7,7.33,7.51,7.26,8.1,8.51,9.06,10.73,11.12,11.86,12.72,14.44,16.12,15.26,17.69,18.54,19.33,21.2,23.83,26.93,27.05,30.19,32.53
Dominican Republic,DOM,Renewable energy consumption (% of total final energy consumption),EG.FEC.RNEW.ZS,28.02,28.17,25.36,26.85,24.44,22.34,20.31,18.25,20.43,19.9,19.11,18.89,17.94,18.94,20.67,19.44,17.98,17.89,17.68,17.34,16.91,16.75,16.48,16.55,17.28,14.88
Algeria,DZA,Renewable energy consumption (% of total final energy consumption),EG.FEC.RNEW.ZS,0.18,0.32,0.29,0.48,0.4,0.42,0.39,0.47,0.54,0.51,0.43,0.43,0.51,0.47,0.44,0.58,0.41,0.41,0.3,0.31,0.26,0.18,0.18,0.13,0.07,0.06
East Asia & Pacific (excluding high income),EAP,Renewable energy consumption (% of total final energy consumption),EG.FEC.RNEW.ZS,36.77987828,36.09068563,35.72864893,34.34919844,33.71839555,31.99192273,32.6680476,32.04120833,31.91243555,32.24319277,31.67370921,30.44568891,29.27644495,26.60826653,23.24001108,20.76852636,19.76748436,18.42471426,17.81656992,17.00492534,15.71079401,14.75242284,14.74896614,14.5929051,14.86002413,14.50059142
Early-demographic dividend,EAR,Renewable energy consumption (% of total final energy consumption),EG.FEC.RNEW.ZS,34.78670548,34.39065525,34.22309659,33.98799461,33.17817268,32.76563404,32.08830846,31.63221538,31.4856676,31.02011419,30.41346183,30.30003683,29.58879419,29.05775987,28.392799,27.88288097,27.16691586,26.2262031,25.95584964,25.42219532,24.86773448,24.11148154,23.77334261,24.03101433,23.47979691,23.25868609
East Asia & Pacific,EAS,Renewable energy consumption (% of total final energy consumption),EG.FEC.RNEW.ZS,26.43298975,25.96922818,25.54247641,24.79720041,24.04795205,23.09054723,23.27539534,23.0022143,23.14800943,22.98752583,22.48927038,21.76682931,21.1682647,19.81447969,17.9475882,16.45215009,15.97016885,15.06433808,14.76340902,14.29505374,13.41616933,12.76475669,12.82258597,12.80499758,13.19145902,12.95032159
Europe & Central Asia (excluding high income),ECA,Renewable energy consumption (% of total final energy consumption),EG.FEC.RNEW.ZS,4.052153309,4.104430917,4.435310831,4.789491584,4.916371117,4.98588432,5.128549191,5.209525171,5.279902603,5.422933792,5.112639374,5.09291261,5.09790821,4.925199464,5.14982485,5.202020798,5.048605096,4.997259931,4.736991023,5.289703041,5.356767998,4.990362936,5.180832841,5.664355829,5.284012873,5.67934893
Europe & Central Asia,ECS,Renewable energy consumption (% of total final energy consumption),EG.FEC.RNEW.ZS,5.699277443,5.86487279,6.222632161,6.639567046,6.876858709,6.961657824,7.069720804,7.367445188,7.491940385,7.552720029,7.613372542,7.622940612,7.567674569,7.692777405,7.9645296,8.294215983,8.566950697,9.138588078,9.495205927,10.43587325,10.88534545,10.74887012,11.60127223,12.28885312,12.43755586,12.87934559
Ecuador,ECU,Renewable energy consumption (% of total final energy consumption),EG.FEC.RNEW.ZS,24.2,24.17,20.8,21.62,20.85,20.36,19.29,16.54,18.19,19.58,19.43,17.05,17.1,16.55,16.73,16.16,14.19,15.88,15.32,12.87,11.79,13.15,13.2,11.85,12.18,13.07
"Egypt, Arab Rep.",EGY,Renewable energy consumption (% of total final energy consumption),EG.FEC.RNEW.ZS,8.96,9.35,9.07,9.17,9.99,9.41,9.03,8.64,8.5,8.78,8.26,7.82,7.35,7.45,7.57,6.48,6.22,6.05,5.88,5.65,5.37,5.43,5.29,5.28,5.38,5.28
Euro area,EMU,Renewable energy consumption (% of total final energy consumption),EG.FEC.RNEW.ZS,6.51926353,6.725449702,6.811584125,6.922312881,7.146233073,6.991705324,7.093911635,7.245256942,7.312312998,7.344627081,7.547564243,7.744668401,7.588510355,8.162486728,8.403053248,8.698617533,9.524735732,10.68222053,11.38173306,12.43246033,13.23354787,13.33133401,14.76764637,15.57191828,16.18271583,16.17713732
Eritrea,ERI,Renewable energy consumption (% of total final energy consumption),EG.FEC.RNEW.ZS,,,89.87,83.64,80.1,77.89,76.38,77.6,75.01,76.13,76.79,74.85,74.69,75.05,69.79,74.69,77.29,79.1,81.36,81.65,80.9,77.07,78.42,79.65,80.48,81.19
Spain,ESP,Renewable energy consumption (% of total final energy consumption),EG.FEC.RNEW.ZS,10.58,9.95,8.25,9.11,9.24,8.26,10.06,9.16,8.94,7.67,7.88,8.93,7.41,8.91,8.04,7.3,8.48,9.01,9.74,12.21,14.39,14.72,15.75,16.92,17.33,16.3
Estonia,EST,Renewable energy consumption (% of total final energy consumption),EG.FEC.RNEW.ZS,3.54,3.59,5.88,6.64,11.11,17.88,20.08,20.05,17.88,19.97,19.76,18.85,19.34,19.88,20,18.9,17.22,18.65,20.45,24.21,25.32,25.16,24.96,24.47,25.29,28.17
Ethiopia,ETH,Renewable energy consumption (% of total final energy consumption),EG.FEC.RNEW.ZS,96.3,96.38,97.51,96.92,96.57,96.28,95.99,95.85,95.72,95.81,95.55,94.6,94.53,94.23,94.13,94.73,94.54,94.16,94.09,94.18,94.11,93.55,93.24,92.42,91.16,91.46
European Union,EUU,Renewable energy consumption (% of total final energy consumption),EG.FEC.RNEW.ZS,6.908162684,7.195620635,7.476108331,7.906890349,8.015171866,8.03380062,8.094292774,8.488385061,8.613048014,8.623945859,8.981768466,8.966481073,8.864575756,9.277165501,9.578069425,10.02756172,10.6853677,11.75928199,12.48977093,13.65274132,14.48198687,14.64762879,16.06388848,16.81082486,17.45023557,17.60138644
Fragile and conflict affected situations,FCS,Renewable energy consumption (% of total final energy consumption),EG.FEC.RNEW.ZS,36.24925513,36.63792339,38.58843068,41.42669898,44.43986093,44.55029838,45.15771909,46.28857894,48.22109593,49.07039377,49.59454358,49.05722581,49.19078269,50.06150418,50.17735842,50.16579184,51.08770185,50.95792569,51.21930485,53.54503097,51.8427299,52.32922397,52.06060481,52.65448942,53.90229361,57.96002617
Finland,FIN,Renewable energy consumption (% of total final energy consumption),EG.FEC.RNEW.ZS,24.51,24.03,25.12,26,25.13,27.27,26.87,28.83,30.5,30.24,31.68,29.25,29.52,28.35,31.1,31.52,31.25,31.8,34.61,32.46,33.43,35.14,38.72,38.52,41.25,43.23
Fiji,FJI,Renewable energy consumption (% of total final energy consumption),EG.FEC.RNEW.ZS,57.14,55.46,56.23,57.57,61.87,58.38,57.28,51.63,45.39,54.22,50.06,40.44,48.98,40.83,35.72,40.02,39.07,36.04,42.13,41.62,27.95,33.38,33.26,32.81,33.17,32.74
France,FRA,Renewable energy consumption (% of total final energy consumption),EG.FEC.RNEW.ZS,10.54,11.13,11.37,10.97,11.05,10.81,10.59,10.07,9.79,9.86,9.32,9.46,8.73,8.91,8.95,8.66,8.52,9.46,10.6,11.32,11.99,10.65,12.35,13.44,13.19,13.34
Faroe Islands,FRO,Renewable energy consumption (% of total final energy consumption),EG.FEC.RNEW.ZS,2.54,2.73,3.11,3.05,3.15,3.21,2.71,3.26,3.14,2.79,2.77,2.56,3.4,3.11,3.42,3.84,4.3,4.54,4.51,5.12,3.38,5,4.7,4.53,6.54,7.47
"Micronesia, Fed. Sts.",FSM,Renewable energy consumption (% of total final energy consumption),EG.FEC.RNEW.ZS,0,0,0.95,0.96,0.9,0.79,0.8,0.77,0.8,0.57,1.27,1.41,1.6,0.86,1.02,1.35,1.37,1.2,1.44,1.15,1.95,1.57,1.42,1.41,1.51,1.71
Gabon,GAB,Renewable energy consumption (% of total final energy consumption),EG.FEC.RNEW.ZS,78.28,75.15,74.79,73.81,72.9,71.95,71.49,69.98,69.67,71.35,72.78,72.42,79.82,83.63,85.78,85.25,86.16,87.35,87.32,87.94,85.83,79.7,75.48,82.18,81.29,81.94
United Kingdom,GBR,Renewable energy consumption (% of total final energy consumption),EG.FEC.RNEW.ZS,0.65,0.61,0.84,0.78,1.02,1.06,0.94,1.03,1.03,0.95,0.96,0.85,0.97,0.93,1.14,1.35,1.55,1.84,2.4,2.92,3.13,3.94,4.15,5.18,6.53,7.71
Georgia,GEO,Renewable energy consumption (% of total final energy consumption),EG.FEC.RNEW.ZS,12.77,14.12,18.54,26.02,22.7,46.4,42.75,44.36,47.53,49.66,47.25,53.15,56.76,55.33,54.53,41.48,37.22,36.22,36.3,36.72,39.15,31.53,28.69,32.41,30.69,27.54
Ghana,GHA,Renewable energy consumption (% of total final energy consumption),EG.FEC.RNEW.ZS,80.63,82.93,81,81.3,80.56,79.79,78.83,78.34,73.58,72.79,71.62,69.32,65.68,64.47,62.38,61.43,58.56,54.53,57.34,51.9,51.91,50.09,46.5,46.19,47.69,44.02
Gibraltar,GIB,Renewable energy consumption (% of total final energy consumption),EG.FEC.RNEW.ZS,0,0,0,0,0,0,0,0,0,0,0,0,0,0,0,0,0,0,0,0,0,0,0,0,0,0
Guinea,GIN,Renewable energy consumption (% of total final energy consumption),EG.FEC.RNEW.ZS,89.47,89.6,86.55,86.2,85.98,89.95,88.76,85.21,84.31,86.27,85.52,84.84,84.27,83.47,83.19,81.56,81.06,80.36,80.15,79.25,75.71,74.75,76.36,78.53,78.57,76.23
"Gambia, The",GMB,Renewable energy consumption (% of total final energy consumption),EG.FEC.RNEW.ZS,61.98,62.33,63.45,63.27,61.58,60.15,59.65,58.74,57.47,56.32,62.86,59.61,60.97,62.41,61.25,61.71,60.21,57.27,56.28,53.91,56.6,56.24,56.95,59.33,53.17,48.95
Guinea-Bissau,GNB,Renewable energy consumption (% of total final energy consumption),EG.FEC.RNEW.ZS,88.58,88.57,88.51,88.04,88.52,88.55,89.4,88.36,89.02,88.06,91.24,91.21,91.04,89.05,88.55,88.53,88.29,87.9,88.42,87.89,87.81,87.87,87.81,87.71,87.28,87.15
Equatorial Guinea,GNQ,Renewable energy consumption (% of total final energy consumption),EG.FEC.RNEW.ZS,84.66,83.85,83.9,81.27,80.55,78.67,73.48,63.59,58.2,54.57,45.85,46.12,31.31,29.49,7.2,7.1,6.99,8.49,7.23,9.24,5.74,5.58,4.42,3.68,4.88,5.54
Greece,GRC,Renewable energy consumption (% of total final energy consumption),EG.FEC.RNEW.ZS,7.81,8.32,7.9,8,8.04,8.31,8.21,8,7.56,8.01,7.82,7.11,7.33,7.6,7.85,8.01,8.51,8.05,8.32,9.18,11.38,11.38,14.17,16.61,16.41,17.47
Grenada,GRD,Renewable energy consumption (% of total final energy consumption),EG.FEC.RNEW.ZS,8.34,8.1,7.74,8.1,7.43,7.44,6.17,8.34,10.15,10.33,10.49,10.42,10.47,10.43,10.56,10.58,10.37,9.89,10.69,10.46,10.53,11.27,11.37,10.93,11.27,11.07
Greenland,GRL,Renewable energy consumption (% of total final energy consumption),EG.FEC.RNEW.ZS,0.5,0.53,0.58,5.3,11.19,10.7,10.5,9.19,9.35,9.39,9.19,8.73,9.48,9.47,6.7,6.99,7.1,6.89,6.87,8.8,10.08,10.2,10.05,11.15,12.48,13.1
Guatemala,GTM,Renewable energy consumption (% of total final energy consumption),EG.FEC.RNEW.ZS,74.95,74.21,72.16,69.79,68.33,64.98,65.57,65.13,61.97,64.54,62.66,61.26,63.76,64.29,66.1,65.24,64.73,63.28,66.51,65.27,67.08,67.09,67.36,67.19,66.25,63.29
Guam,GUM,Renewable energy consumption (% of total final energy consumption),EG.FEC.RNEW.ZS,0.52,0.48,0.48,0.44,0.42,0.44,0.42,0.41,0.44,0.41,0.41,0.41,0.45,0.5,0.46,0.45,0.45,0.45,0.45,0.46,0.46,0.47,0.5,0.5,0.52,1.78
Guyana,GUY,Renewable energy consumption (% of total final energy consumption),EG.FEC.RNEW.ZS,55.06,41.59,43.17,43.11,32.3,30.96,29.04,27.44,27.62,26.64,30.56,31.17,34.42,34.82,35.71,34.87,37.02,33.31,32.74,31.63,30.95,33.14,28.99,26.85,24.02,24.95
High income,HIC,Renewable energy consumption (% of total final energy consumption),EG.FEC.RNEW.ZS,6.403384129,6.61730773,6.738436817,6.685109016,6.528653395,6.849007907,6.825051777,6.855513211,6.922128578,7.363283396,7.313746295,6.941296304,7.048754576,7.34329068,7.533549764,7.756304799,8.191164539,8.448439794,8.955131031,9.527441164,9.747451073,10.20517202,10.74010016,11.16720111,11.4020504,11.44346096
"Hong Kong SAR, China",HKG,Renewable energy consumption (% of total final energy consumption),EG.FEC.RNEW.ZS,0.22,0.22,0.18,0.19,0.15,0.14,0.15,0.11,0.07,0.06,0.05,0.06,0.08,0.08,0.09,0.08,0.07,0.1,0.13,0.11,0.15,0.48,0.17,0.26,0.23,0.2
Honduras,HND,Renewable energy consumption (% of total final energy consumption),EG.FEC.RNEW.ZS,70.13,70.21,67.75,66.73,63.95,62.97,62.63,65.39,62.88,53.9,55.24,50.4,49.76,47.94,46.7,51.37,52.22,50.57,49.97,50.45,53.63,50.92,49.39,51.1,52.16,50.74
Heavily indebted poor countries (HIPC),HPC,Renewable energy consumption (% of total final energy consumption),EG.FEC.RNEW.ZS,85.82563362,86.7330881,87.08165939,87.61340148,87.28619104,86.99155611,86.67704195,86.07468755,85.89933793,85.43470289,85.40567833,85.01043922,84.50792708,84.3221331,84.00788011,83.99057721,83.24417011,81.75417923,81.20820308,80.42672659,79.53733091,78.90380855,77.89300306,77.62248135,77.32991846,76.69111726
Croatia,HRV,Renewable energy consumption (% of total final energy consumption),EG.FEC.RNEW.ZS,21.67,32.87,29.7,29.83,30.02,30.3,34.3,29.21,28.05,27.79,26.76,26.92,24.61,24.82,26.56,26.82,25.51,22.66,24.14,27.16,29.75,27.16,29.4,32.82,33.6,33.09
Haiti,HTI,Renewable energy consumption (% of total final energy consumption),EG.FEC.RNEW.ZS,87.16,87.54,87.7,89.4,96.69,86.99,86.01,84.56,83.34,82.04,80.85,80.88,79.08,79.02,81.11,81.11,81.37,79.26,79.64,80.33,78.99,79.01,82.19,80.39,77.77,76.12
Hungary,HUN,Renewable energy consumption (% of total final energy consumption),EG.FEC.RNEW.ZS,3.86,4.28,4.89,5.05,5.11,5.42,5.14,5.23,5.19,5.16,5.17,5.12,5.17,5.01,4.63,7.29,7.86,9,8.96,12.29,13.46,14.74,16.47,17.18,15.72,15.6
IBRD only,IBD,Renewable energy consumption (% of total final energy consumption),EG.FEC.RNEW.ZS,21.95660498,22.106636,22.70312269,23.00684176,23.57833475,23.17613538,23.6266771,23.56972351,23.7496817,23.88831875,23.4733768,22.92581851,22.55307764,21.57037093,20.31269762,19.3445759,18.77849984,18.0290259,17.66216577,17.50730655,16.7419348,15.98962125,15.90321713,16.02111296,16.01881075,16.01658879
IDA & IBRD total,IBT,Renewable energy consumption (% of total final energy consumption),EG.FEC.RNEW.ZS,26.77496324,26.9888665,27.76598945,28.13904787,28.93734772,28.64271999,29.16238047,29.11735481,29.34920682,29.59104037,29.22353279,28.77171109,28.46149706,27.50334639,26.13006522,25.11085439,24.45834971,23.58251787,23.22592397,23.20011148,22.29225922,21.55352303,21.43556073,21.58919067,21.55935794,21.63107631
IDA total,IDA,Renewable energy consumption (% of total final energy consumption),EG.FEC.RNEW.ZS,67.03737147,67.33734318,68.40704595,69.02579527,70.1145165,70.26103375,69.73072771,69.21516595,68.25651197,68.03072705,67.81084837,67.511494,67.38873936,67.26298263,66.99876952,66.91566435,66.56644804,65.79519836,65.81834804,66.78792585,65.71967863,65.26885329,65.95818445,66.23311257,65.82359548,65.82562996
IDA blend,IDB,Renewable energy consumption (% of total final energy consumption),EG.FEC.RNEW.ZS,58.94481188,59.05357241,59.68221562,59.77751709,61.03251996,61.40816483,61.274563,60.91199554,59.70662143,59.22776596,58.97022615,59.04273472,59.15670073,59.32046362,59.18556407,59.90849201,59.6457082,59.62171913,59.93747353,61.73480971,60.70731694,60.21671454,62.40864254,62.24031798,61.82779671,62.37728404
Indonesia,IDN,Renewable energy consumption (% of total final energy consumption),EG.FEC.RNEW.ZS,59.18,58.44,57.45,56.06,53.41,50.68,49.26,47.57,48.85,45.8,45.63,44.33,44.66,43,41.46,41.57,40.07,40.01,41.12,38.18,35.96,32.39,30.09,30.63,29.29,26.58
IDA only,IDX,Renewable energy consumption (% of total final energy consumption),EG.FEC.RNEW.ZS,75.39361778,76.022667,77.6749526,79.0832376,79.76149396,79.33513161,78.34000958,77.73314064,77.10708046,77.16979439,77.12576364,76.40679454,76.03538013,75.53240367,75.06848715,73.96143749,73.48309844,71.97491081,71.66893955,71.69339309,70.65956905,70.26191455,69.46574611,70.14646113,69.65623998,69.10933666
Isle of Man,IMN,Renewable energy consumption (% of total final energy consumption),EG.FEC.RNEW.ZS,0,0,0,0,0,0,0,0,0,0,0,0,1.48,1.12,6.28,2.68,3.27,1.94,1.31,1.87,1.93,2.85,3.5,2.06,1.85,2.17
India,IND,Renewable energy consumption (% of total final energy consumption),EG.FEC.RNEW.ZS,52.95,52,51.46,51.49,50.49,49.54,49.13,47.89,47.95,47.11,46.88,47.11,45.75,45.63,44.92,44.16,43.16,41.54,39.38,37.41,36.16,35.01,34.75,34.86,33.85,33.4
Not classified,INX,Renewable energy consumption (% of total final energy consumption),EG.FEC.RNEW.ZS,,,,,,,,,,,,,,,,,,,,,,,,,,
Ireland,IRL,Renewable energy consumption (% of total final energy consumption),EG.FEC.RNEW.ZS,2.28,2.23,2.17,2.11,2.18,1.93,1.95,1.91,2.3,2.08,2.04,1.97,2.25,2.01,2.31,2.89,3.23,3.55,4.19,5.3,5.29,6.96,6.9,7.71,8.78,9.52
"Iran, Islamic Rep.",IRN,Renewable energy consumption (% of total final energy consumption),EG.FEC.RNEW.ZS,1.24,1.23,1.45,1.53,1.09,1.02,1.03,0.9,0.84,0.59,0.44,0.52,0.67,0.83,0.74,1.4,1.4,1.3,0.7,0.78,0.9,0.92,0.93,0.99,0.93,0.91
Iraq,IRQ,Renewable energy consumption (% of total final energy consumption),EG.FEC.RNEW.ZS,1.6,0.75,0.49,0.41,0.37,0.39,0.36,0.38,0.38,0.38,0.36,0.35,0.31,0.35,0.36,2.43,2.56,2,1.15,1.21,1.67,1.14,1.3,1.46,1,0.82
Iceland,ISL,Renewable energy consumption (% of total final energy consumption),EG.FEC.RNEW.ZS,54.67,54.79,54.63,54.66,54.14,55.65,52.25,54.88,57.21,59.82,60.66,62.12,61.84,61.88,61.88,62.7,64.19,67.5,73.92,74.61,75.89,77.12,77.71,76.62,76.95,77.76
Israel,ISR,Renewable energy consumption (% of total final energy consumption),EG.FEC.RNEW.ZS,5.8,6.03,6.24,5.89,5.65,5.44,5.45,5.7,6.07,5.86,5.96,6.3,6.5,6.52,6.73,7.03,6.86,6.72,8.9,8.46,8.55,9.08,2.88,3.27,3.7,3.74
Italy,ITA,Renewable energy consumption (% of total final energy consumption),EG.FEC.RNEW.ZS,3.78,4.67,4.84,4.77,5.25,4.46,4.75,4.83,4.76,5.02,5.12,5.38,5.6,6.24,5.94,6.7,7.51,8.73,10.82,12.54,12.79,11.9,14.39,16.32,17.13,16.57
Jamaica,JAM,Renewable energy consumption (% of total final energy consumption),EG.FEC.RNEW.ZS,12.47,12.37,13.08,14.31,12.62,13.72,12.57,12.93,10.46,9.99,9.36,7.94,8.07,8.18,6.4,5.43,4.82,5.35,5.99,7.5,8.99,9.84,12.16,11.39,11.88,12.12
Jordan,JOR,Renewable energy consumption (% of total final energy consumption),EG.FEC.RNEW.ZS,2.77,2.88,2.53,2.51,2.32,2.21,2.18,2.13,2.19,2.18,2.09,2.12,2.09,1.98,1.83,1.69,2.28,2.32,2.74,2.78,2.95,3,2.91,3.12,3.1,3.19
Japan,JPN,Renewable energy consumption (% of total final energy consumption),EG.FEC.RNEW.ZS,4.34,4.47,4,4.24,3.34,3.69,3.58,3.82,3.82,3.66,3.7,3.5,3.71,4.19,4.26,4.01,4.43,4.28,4.44,4.51,4.66,4.82,4.68,5.05,5.58,6.16
Kazakhstan,KAZ,Renewable energy consumption (% of total final energy consumption),EG.FEC.RNEW.ZS,1.41,1.29,1.17,1.34,1.83,1.58,1.63,1.67,1.54,1.79,2.5,2.41,2.77,2.28,1.89,2.09,2.13,1.83,1.15,1.31,1.38,1.38,1.33,1.16,1.34,1.72
Kenya,KEN,Renewable energy consumption (% of total final energy consumption),EG.FEC.RNEW.ZS,77.23,78.56,79.18,79.96,80.24,79.13,78.31,79.22,79.07,78.87,78.15,79.63,80.14,82.87,81.67,80.69,79.26,79.78,79.87,77.61,76.11,76.79,78.25,76.55,74.31,71.96
Kyrgyz Republic,KGZ,Renewable energy consumption (% of total final energy consumption),EG.FEC.RNEW.ZS,7.93,9.02,12.99,16.2,26.51,34.97,29.49,28.75,25.07,34.54,35.16,36,28.3,30.51,27.71,28.03,27.76,24.49,22.04,24.73,25.59,25.95,22.45,24.81,26.6,23.51
Cambodia,KHM,Renewable energy consumption (% of total final energy consumption),EG.FEC.RNEW.ZS,,,,,,82.54,82.52,82.21,81.33,81.53,81.58,80.51,80.97,79.92,80.69,79.24,78.01,74.79,74.13,68.04,64.82,63.99,64.36,64.97,63.7,60.63
Kiribati,KIR,Renewable energy consumption (% of total final energy consumption),EG.FEC.RNEW.ZS,64.04,63.55,63.21,59.26,59.87,59.12,55.34,57.49,59.09,59.81,54.73,56.39,53.05,50.52,50.55,48.51,48.12,48.42,49.74,50.82,50.24,50.57,48.76,46.15,48,47.33
St. Kitts and Nevis,KNA,Renewable energy consumption (% of total final energy consumption),EG.FEC.RNEW.ZS,39.85,33.92,33.65,38.62,41.07,36.5,30.35,33.92,31.99,27.25,26.37,25.96,24.34,26.3,21.98,25.3,0.01,0.01,0.01,0.01,0.97,0.92,1.31,1.38,1.63,1.63
"Korea, Rep.",KOR,Renewable energy consumption (% of total final energy consumption),EG.FEC.RNEW.ZS,1.63,0.96,0.75,0.73,0.44,0.44,0.61,0.68,0.95,0.79,0.7,0.69,0.7,0.85,0.77,0.87,0.95,1.03,1.06,1.21,1.32,1.35,1.61,1.92,2.87,2.74
Kuwait,KWT,Renewable energy consumption (% of total final energy consumption),EG.FEC.RNEW.ZS,0.17,0.35,0.17,0.06,0.04,0.12,0.07,0,0,0,0,0,0,0,0,0,0,0,0,0,0,0,0,0,0,0.01
Latin America & Caribbean (excluding high income),LAC,Renewable energy consumption (% of total final energy consumption),EG.FEC.RNEW.ZS,34.7610517,33.91202076,33.37224441,32.95229852,32.47391897,32.13862472,31.2175839,30.28188208,30.30023531,30.68708591,29.83509336,29.37181864,30.15122859,30.71283732,30.43011115,30.63391068,30.370839,30.38109376,30.48363649,31.52566443,30.81238709,29.96510307,29.36276322,28.96266434,29.20465951,29.41053657
Lao PDR,LAO,Renewable energy consumption (% of total final energy consumption),EG.FEC.RNEW.ZS,88.4,88.03,86.98,86.72,86.29,85.63,84.92,84.57,86.56,86.62,81.54,81.09,80.19,78.74,73.98,73.93,69.81,70.67,69.27,66.45,64.85,63.63,62.36,58.57,58.25,53.27
Lebanon,LBN,Renewable energy consumption (% of total final energy consumption),EG.FEC.RNEW.ZS,11.34,8.53,8.04,5.44,5.34,4.4,5.01,4.38,5.46,4.25,4.91,4.67,5.99,7.39,6.58,6.97,7.04,7.94,5.4,4.31,5.7,6.18,5.56,5.92,4.24,4.17
Liberia,LBR,Renewable energy consumption (% of total final energy consumption),EG.FEC.RNEW.ZS,89.14,90.11,88.99,87.65,87.07,86.95,87.46,88.1,88.52,90.47,91.34,91.57,91.14,90.35,89.56,87.76,87.59,89.83,91.84,91.81,88.58,87.09,86.2,87.53,91.16,91.93
Libya,LBY,Renewable energy consumption (% of total final energy consumption),EG.FEC.RNEW.ZS,3.13,3.01,2.89,2.7,2.36,2.19,2.1,2.12,2.15,2.05,2.04,2.92,2.86,2.85,2.73,2.61,2.79,2.95,2.78,2.51,2.37,3.16,2.66,2.39,2.31,3.05
St. Lucia,LCA,Renewable energy consumption (% of total final energy consumption),EG.FEC.RNEW.ZS,43.15,41.22,36.67,33.79,30.79,29.71,27.4,27.7,25.14,24.01,24.05,22.23,21.73,20.02,18.43,18.44,16.94,16.26,15.53,15.08,13.22,12.93,12.39,12.1,11.72,11.52
Latin America & Caribbean,LCN,Renewable energy consumption (% of total final energy consumption),EG.FEC.RNEW.ZS,32.57525363,31.98127784,31.68182121,31.08139072,30.72042962,30.28275255,29.38285761,28.6451891,28.62850054,29.08171728,28.4784888,27.94925926,28.51470587,29.04768835,28.8740168,28.95963144,28.93220459,29.03787232,29.14932511,30.00025454,29.02498594,28.47286307,27.8903446,27.75674872,27.71295288,28.22394531
Least developed countries: UN classification,LDC,Renewable energy consumption (% of total final energy consumption),EG.FEC.RNEW.ZS,85.91845817,86.30430699,86.43154808,86.86102939,86.56019649,85.53716975,85.15054522,84.37576002,84.42954679,84.1863641,83.87514204,83.11735118,82.68933844,81.49891879,81.09756574,80.85550276,80.21241353,78.91862113,78.21027072,77.09036808,75.91840873,75.36277298,74.27262866,73.57113125,72.89425965,72.67173225
Low income,LIC,Renewable energy consumption (% of total final energy consumption),EG.FEC.RNEW.ZS,66.28652995,68.17215805,70.32922747,72.01980932,73.96542908,75.10247137,76.83260701,76.94462512,77.85743362,77.26409724,77.05008293,77.05634894,77.67167969,77.79993686,77.94959403,77.5473251,77.17337166,77.94885371,77.00853828,78.76469509,78.47823082,79.68292889,78.93200795,80.35422768,79.79065882,80.30924155
Liechtenstein,LIE,Renewable energy consumption (% of total final energy consumption),EG.FEC.RNEW.ZS,64.8,59.77,57.7,56.07,56.5,55,51.81,53.18,52.57,52.04,53.95,51.59,51.26,50.24,50.31,49.87,50.84,53.36,52.96,55.15,52.31,55.26,55.5,53.53,54.97,55.53
Sri Lanka,LKA,Renewable energy consumption (% of total final energy consumption),EG.FEC.RNEW.ZS,78.09,77.96,75.28,74.19,70.58,69.94,64.42,65.91,64.15,63.25,64.16,62.93,62.1,61.31,61.61,60.08,62.18,60.2,61.58,63.51,61.85,56.42,52.86,56.88,54.23,51.27
Lower middle income,LMC,Renewable energy consumption (% of total final energy consumption),EG.FEC.RNEW.ZS,41.13333666,40.79346743,41.39093065,42.57187294,43.01961842,42.47299654,42.29163638,41.75572835,42.1736669,41.35085048,41.14850925,40.76583718,40.19175464,39.8079969,39.16802179,38.84354525,38.14180612,37.06314875,36.6655282,36.13770349,35.25000033,34.41609599,34.35990739,34.46794342,33.82537971,33.25518994
Low & middle income,LMY,Renewable energy consumption (% of total final energy consumption),EG.FEC.RNEW.ZS,27.66774309,27.78564351,28.5212079,28.84512412,29.68557249,29.38740144,30.00914597,29.88795644,30.06590605,30.24389454,29.8010631,29.36003836,29.03552538,28.01366052,26.54585699,25.45448183,24.75527409,23.84424599,23.43606282,23.39478824,22.47974153,21.71394801,21.57978847,21.7014524,21.69520954,21.73707683
Lesotho,LSO,Renewable energy consumption (% of total final energy consumption),EG.FEC.RNEW.ZS,52.03,51.95,51.36,50.99,50.81,50.78,50.79,50.6,50.62,56.88,56.7,56.5,56.16,55.94,55.41,55.31,55.46,55.33,54.99,53.98,52.98,42.21,40.53,45.58,42.39,44.94
Late-demographic dividend,LTE,Renewable energy consumption (% of total final energy consumption),EG.FEC.RNEW.ZS,19.51423403,19.68366657,20.39698418,20.56310415,21.28978735,20.94830961,21.67040402,21.70127899,21.69060034,22.05100932,21.63967406,20.85551128,20.6527965,19.48513595,18.03047551,16.84164589,16.25286589,15.56570451,15.1033008,15.07539284,14.21531888,13.53082288,13.58285042,13.64381634,13.81344428,13.76725944
Lithuania,LTU,Renewable energy consumption (% of total final energy consumption),EG.FEC.RNEW.ZS,3.1,2.89,4.61,8.89,9.82,10.34,11.47,11.62,12.93,14.97,17.19,17.59,17.89,18.07,18.07,17.51,17.46,17.06,18.34,20.09,21.46,22.74,23.92,26.34,27.73,28.96
Luxembourg,LUX,Renewable energy consumption (% of total final energy consumption),EG.FEC.RNEW.ZS,1.71,1.7,2.01,1.99,2.82,4.01,3.08,4.38,6.71,5.86,6.81,3.42,1.32,1.28,1.35,1.87,2.08,3.64,3.96,3.73,3.68,3.76,4.15,5.71,6.85,9.09
Latvia,LVA,Renewable energy consumption (% of total final energy consumption),EG.FEC.RNEW.ZS,17.57,18.68,21.59,25.38,28.34,32.43,32.03,32.89,35.35,36.33,35.82,35.35,34.38,34.34,36.11,36.3,34,33.08,33.71,38.4,33.07,35.54,40.37,39.6,40.24,38.1
"Macao SAR, China",MAC,Renewable energy consumption (% of total final energy consumption),EG.FEC.RNEW.ZS,0.66,0.65,0.6,0.55,0.52,0.5,0.41,0.19,0.19,0.19,0.18,0.8,1.19,2.16,2.2,2,2.49,3.42,4.66,2.97,5.49,6.37,11.13,16.61,11.45,5.41
St. Martin (French part),MAF,Renewable energy consumption (% of total final energy consumption),EG.FEC.RNEW.ZS,,,,,,,,,,,,,,,,,,,,,,,,,,
Morocco,MAR,Renewable energy consumption (% of total final energy consumption),EG.FEC.RNEW.ZS,19.49,19.56,18.14,17.64,17.06,17.17,17.85,17.52,16.88,15.41,15.26,15.12,14.94,15.71,22.97,20.13,18.12,16.45,14.6,14.25,13.91,11.87,10.93,11.59,11.14,11.25
Monaco,MCO,Renewable energy consumption (% of total final energy consumption),EG.FEC.RNEW.ZS,,,,,,,,,,,,,,,,,,,,,,,,,,
Moldova,MDA,Renewable energy consumption (% of total final energy consumption),EG.FEC.RNEW.ZS,1.14,1.62,2.18,2.39,2.58,2.84,3.66,3.85,4.08,4.87,5.72,5.6,5.83,5.92,4.85,4.27,4.98,4.44,4.93,4.84,20.01,20.37,22.14,23.82,24.31,24.73
Madagascar,MDG,Renewable energy consumption (% of total final energy consumption),EG.FEC.RNEW.ZS,87.17,86.56,86.73,87.04,86.02,86.08,85.49,83.1,82.65,82.72,82.17,84.13,87.23,84.79,84.32,84.89,85.9,86.23,86.39,87.21,86.73,84.51,83.31,81.06,81.73,82.98
Maldives,MDV,Renewable energy consumption (% of total final energy consumption),EG.FEC.RNEW.ZS,4.46,4.45,3.13,3.82,4.02,3.32,3.16,2.72,3.03,2.2,2.34,2.26,1.78,2.22,1.67,1.95,1.63,1.52,1.53,1.49,1.36,1.34,1.2,1.26,1.2,1.43
Middle East & North Africa,MEA,Renewable energy consumption (% of total final energy consumption),EG.FEC.RNEW.ZS,2.916499408,2.820572544,2.735801272,2.725108945,2.524311196,2.484366748,2.493363734,2.458329378,2.416365481,2.309992642,2.196361763,2.21525204,2.179346846,2.266417491,2.491502261,2.604333129,2.452464955,2.286337955,1.989303971,1.932388111,1.896674333,1.840844101,1.623127906,1.649689604,1.559839682,1.527430205
Mexico,MEX,Renewable energy consumption (% of total final energy consumption),EG.FEC.RNEW.ZS,14.41,13.2,13.43,13.3,11.86,13.26,13.07,12.7,12.24,12.75,12.17,11.34,10.68,10.17,10.21,10.31,9.82,9.46,9.77,9.17,9.36,9.07,8.97,9.23,9.76,9.19
Marshall Islands,MHL,Renewable energy consumption (% of total final energy consumption),EG.FEC.RNEW.ZS,0,0,19.34,19,19.44,19.38,19.63,19.69,19.56,19.45,19.57,19.08,18.63,18.56,18.4,18.38,16.96,15.21,14.78,13.96,13.72,12.35,12.03,12.37,12.15,11.72
Middle income,MIC,Renewable energy consumption (% of total final energy consumption),EG.FEC.RNEW.ZS,26.31359188,26.39369947,27.06123641,27.336999,28.11480713,27.75446952,28.3262724,28.21377331,28.34889338,28.4733469,28.03125829,27.5595666,27.19780888,26.15278857,24.71569856,23.64929418,22.97005992,22.11280798,21.70515372,21.60595826,20.73105234,19.9190962,19.83437804,19.90249156,19.86292233,19.85070879
North Macedonia,MKD,Renewable energy consumption (% of total final energy consumption),EG.FEC.RNEW.ZS,2.41,4.42,16.01,14.85,16.58,17.8,14.21,15.9,15.07,17.68,19.38,15.17,14.63,17.29,18.2,19.03,19.8,15.71,15.61,18.43,22.3,18.62,18.27,21.16,21.19,23.91
Mali,MLI,Renewable energy consumption (% of total final energy consumption),EG.FEC.RNEW.ZS,87.23,87.6,86.89,86.56,85.6,85.1,85.39,84.56,84.84,84.57,83.47,82.1,83.58,85.79,81.53,82.33,81.65,78.87,75,78.69,79.2,78.85,78.73,80.92,80.65,81.14
Malta,MLT,Renewable energy consumption (% of total final energy consumption),EG.FEC.RNEW.ZS,0,0,0,0,0,0,0,0,0,0,0,0,0.09,0.1,0.12,0.14,0.17,0.2,0.22,0.26,1.22,1.97,2.67,3.24,4.48,5.98
Myanmar,MMR,Renewable energy consumption (% of total final energy consumption),EG.FEC.RNEW.ZS,90.91,91.12,90.79,89.25,87.97,85.22,84.61,85.16,83.36,81.91,80.17,82.48,83.05,79.86,80.25,79.58,81.32,80.5,85.62,85.77,84.93,84.08,78.46,75.96,72.43,70.43
Middle East & North Africa (excluding high income),MNA,Renewable energy consumption (% of total final energy consumption),EG.FEC.RNEW.ZS,4.124300645,3.976709338,3.832265446,3.868129911,3.574659564,3.477808331,3.52698993,3.431561865,3.405579235,3.22059436,3.007843026,3.039551016,3.007143077,3.15131386,3.453382945,3.610755711,3.416634093,3.213681334,2.742139462,2.698841453,2.701204533,2.651985169,2.593235469,2.634698279,2.504537362,2.516849214
Montenegro,MNE,Renewable energy consumption (% of total final energy consumption),EG.FEC.RNEW.ZS,,,,,,,,,,,,,,,,47.61,44.83,42.27,38.76,49.16,49.09,42.77,45.86,49.34,45.95,42.96
Mongolia,MNG,Renewable energy consumption (% of total final energy consumption),EG.FEC.RNEW.ZS,1.89,1.97,2.4,2.67,3.04,3.01,3.44,3.39,3.74,3.59,5.73,6.09,6.51,6.09,5.76,5.34,4.48,4.7,4.66,4.43,4.46,4.04,2.97,3.01,3.34,3.55
Northern Mariana Islands,MNP,Renewable energy consumption (% of total final energy consumption),EG.FEC.RNEW.ZS,0,0,0,0,0,0,0,0,0,0,0,0,0,0,0,0,0,0,0,0,0,0,0,0,0,0
Mozambique,MOZ,Renewable energy consumption (% of total final energy consumption),EG.FEC.RNEW.ZS,92.99,94.2,92.99,91.82,93.08,92.76,93.07,92.6,93.99,94.19,93.64,93.01,93.22,92.73,92.94,93.67,93.06,87.53,88.11,86.12,84.89,86.21,85.31,83.94,82.06,80.94
Mauritania,MRT,Renewable energy consumption (% of total final energy consumption),EG.FEC.RNEW.ZS,47,46.66,46.42,46.06,45.49,45.25,43.88,43.81,46.01,43.93,44.41,44.18,42.13,40.17,38.59,38.77,39.12,35.63,35.8,33.43,34,33.28,31.84,35.02,30.92,28.2
Mauritius,MUS,Renewable energy consumption (% of total final energy consumption),EG.FEC.RNEW.ZS,47.07,43.35,43.16,38.78,35.43,38.84,35.57,36.45,33.53,20.95,20.42,20.08,17.93,18.9,19.08,17.65,16.41,15.69,12.73,12.78,12.77,12.01,11.45,11.39,10.59,11.49
Malawi,MWI,Renewable energy consumption (% of total final energy consumption),EG.FEC.RNEW.ZS,84,82.63,82.71,81.33,82.02,81.69,81.43,81.2,81.9,81.03,82.62,83.13,83.3,82.83,82.45,83.17,82.8,82.21,80.39,80.01,81.21,80.17,80.2,79.76,82.78,80.98
Malaysia,MYS,Renewable energy consumption (% of total final energy consumption),EG.FEC.RNEW.ZS,8.42,7.69,6.99,6.78,6.91,6.16,4.9,4.21,4.58,4.92,4.44,4.26,3.57,3.33,3.22,3.01,3.13,2.85,3.04,2.27,1.96,2.16,2.52,2.75,3.03,3.41
North America,NAC,Renewable energy consumption (% of total final energy consumption),EG.FEC.RNEW.ZS,6.176548898,6.464217668,6.67393698,6.233598947,6.082728333,6.704677908,6.691243108,6.433195787,6.439382155,7.501708304,7.211362219,6.459563673,6.71398536,7.102102962,7.281241513,7.500694081,7.956927662,7.905618475,8.40894479,8.940121604,8.889854259,9.789689255,10.16870901,10.51008283,10.64276367,10.45552255
Namibia,NAM,Renewable energy consumption (% of total final energy consumption),EG.FEC.RNEW.ZS,,42.54,40.32,38.07,32.85,32.13,31.42,30.54,31.69,32.69,34.73,30.32,33.7,33.26,34.78,34.54,35.72,36.52,32.49,33.36,31.21,31.62,31.87,30.7,30.19,29.32
New Caledonia,NCL,Renewable energy consumption (% of total final energy consumption),EG.FEC.RNEW.ZS,10.58,7.85,7.02,5.79,5.84,4.8,7.07,8.03,8.48,9.48,7.54,6.72,5.28,4.93,5.2,5.08,4.52,5.82,7.78,6.95,4.85,5.93,6.17,6.56,4.29,5.09
Niger,NER,Renewable energy consumption (% of total final energy consumption),EG.FEC.RNEW.ZS,91.36,92.14,92.81,92.03,92.57,93.41,91.88,93.54,93.13,92.97,87.62,87.7,87.74,86.97,86.99,87.54,87.43,86.17,86.06,83.25,80.67,77.23,72.71,78.7,78.08,78.88
Nigeria,NGA,Renewable energy consumption (% of total final energy consumption),EG.FEC.RNEW.ZS,87.78,86.51,84.52,86.33,88.61,88.03,87.11,85.56,87.15,87.15,86.21,84.67,84.6,82.95,84.05,84.01,85.93,87.28,86.25,88.68,86.46,84.63,84.57,82.19,80.64,82.18
Nicaragua,NIC,Renewable energy consumption (% of total final energy consumption),EG.FEC.RNEW.ZS,68.83,70.59,67.17,67.65,64.57,64.59,63.92,62.8,60.47,59.44,58.42,56.66,54.67,51.49,51.17,52.76,53.29,52.61,53.77,54.56,54.44,53.3,53.27,54.28,53.02,50
Netherlands,NLD,Renewable energy consumption (% of total final energy consumption),EG.FEC.RNEW.ZS,1.18,1.15,1.19,1.19,1.24,1.25,1.27,1.48,1.55,1.63,1.73,1.76,1.92,1.91,2.22,2.74,3.12,3.68,3.94,4.38,3.85,4.69,4.9,4.94,5.53,5.75
Norway,NOR,Renewable energy consumption (% of total final energy consumption),EG.FEC.RNEW.ZS,59.17,60.78,61.37,61.09,60.39,60.04,57.85,58.83,59.51,59.41,60.18,59.59,59.47,56.23,56.85,58.56,57.02,57.36,58.45,56.72,56.71,56.71,57.68,57.24,56.32,57.28
Nepal,NPL,Renewable energy consumption (% of total final energy consumption),EG.FEC.RNEW.ZS,95.12,94.19,94.16,93.55,92.38,91.73,91.52,90.71,90.49,88.05,88.29,87.76,89.95,89.44,90.3,89.52,91.25,91.31,90.47,88.93,87.29,86.95,84.7,86.05,84.06,85.04
Nauru,NRU,Renewable energy consumption (% of total final energy consumption),EG.FEC.RNEW.ZS,0,0,0,0,0,0,0,0,0,0,0,0,0,0,0,0,0.07,0.08,0.08,0.04,0.03,0.05,0.07,0.06,0.05,0.1
New Zealand,NZL,Renewable energy consumption (% of total final energy consumption),EG.FEC.RNEW.ZS,27.97,27.57,25.58,27.27,28.17,28.73,27.63,25.88,27.27,26.43,26.44,24.64,26.56,25.9,28.21,26.79,27,27.05,26.13,28.47,29.37,30.31,28.76,28.29,28.99,29.32
OECD members,OED,Renewable energy consumption (% of total final energy consumption),EG.FEC.RNEW.ZS,7.201284714,7.33526454,7.453783727,7.395397542,7.219786511,7.546063645,7.479153889,7.41417172,7.502457465,7.94520534,7.854778481,7.480987962,7.590761314,7.86628124,8.056642975,8.275874911,8.734060182,8.985978132,9.520748285,10.13092543,10.37179041,10.87178383,11.45366432,11.94662664,12.19934981,12.29298109
Oman,OMN,Renewable energy consumption (% of total final energy consumption),EG.FEC.RNEW.ZS,0,0,0,0,0,0,0,0,0,0,0,0,0,0,0,0,0,0,0,0,0,0,0,0,0,0
Other small states,OSS,Renewable energy consumption (% of total final energy consumption),EG.FEC.RNEW.ZS,27.52426758,27.99299029,30.20087938,30.33527428,30.67499175,31.89667886,31.42736999,30.888394,30.49790905,31.64835992,31.33150526,30.76266502,30.53782582,31.47009279,29.82464927,30.33047423,29.72655167,29.913893,30.27472347,32.48009464,31.6428883,29.09919797,26.16892062,28.3417524,26.59758813,26.72874907
Pakistan,PAK,Renewable energy consumption (% of total final energy consumption),EG.FEC.RNEW.ZS,57.5,58.09,55.98,54.15,54.2,53.13,52.17,51.94,51.61,50.24,51.05,51.54,51.39,50.09,47.93,47.96,47.04,44.85,46.63,46.43,47.4,46.76,47.2,48.13,47.22,45.88
Panama,PAN,Renewable energy consumption (% of total final energy consumption),EG.FEC.RNEW.ZS,43.02,40.7,39.67,39.88,37.78,34.76,36.83,36.53,31.44,33.72,27.67,24.04,28.71,27.45,28.21,22.77,22.09,22.79,23.36,20.37,20.65,19.73,21.25,20.71,19.78,21.9
Peru,PER,Renewable energy consumption (% of total final energy consumption),EG.FEC.RNEW.ZS,39.43,39.92,37.31,37.08,35.94,33.28,31.72,31.74,39.38,36.69,38.57,41.23,40.21,40.91,37.83,38.35,38.7,36.05,33.71,32.92,32.17,30.63,30.8,28.35,28.56,27.43
Philippines,PHL,Renewable energy consumption (% of total final energy consumption),EG.FEC.RNEW.ZS,49.28,51.05,47.53,43.91,42.92,37.62,35.71,33.24,32.76,33.55,33.84,32.8,31.76,30.81,30.1,31.22,33.17,32.26,33.73,33.97,32.6,33.71,34.06,33.05,32.33,30.75
Palau,PLW,Renewable energy consumption (% of total final energy consumption),EG.FEC.RNEW.ZS,0,0,0,0,0,0,0,0,0,0,0,0,0,0,0,0,0,0,0,0,0,0,0,0,0.27,0.37
Papua New Guinea,PNG,Renewable energy consumption (% of total final energy consumption),EG.FEC.RNEW.ZS,71.65,71.67,71.59,71.25,69.4,70.73,69.93,68.67,67.69,68.71,66.38,63.44,62.49,60.4,57.48,58.56,58.86,57.13,56.93,56.02,55.25,54.73,55.45,58.27,56.82,55.15
Poland,POL,Renewable energy consumption (% of total final energy consumption),EG.FEC.RNEW.ZS,2.5,2.06,2.3,6.13,6.2,6.33,5.87,5.98,6.54,6.41,6.93,7.29,7.49,7.29,7.31,7.22,7.18,7.28,8.01,8.84,9.49,10.44,10.91,11.41,11.58,11.87
Pre-demographic dividend,PRE,Renewable energy consumption (% of total final energy consumption),EG.FEC.RNEW.ZS,78.26164964,79.68195643,77.86552763,78.5472917,79.26382123,79.40409567,79.05568868,78.40000404,79.29926707,79.19549738,78.47804556,77.70747057,77.85024816,78.62889047,78.03426581,78.21280429,78.25741763,78.12112813,77.31449875,77.87064337,75.92365011,74.95006707,73.59261141,72.66357444,73.1563017,73.95254538
Puerto Rico,PRI,Renewable energy consumption (% of total final energy consumption),EG.FEC.RNEW.ZS,1.75,1.79,1.77,0.8,0.25,0.53,0.74,0.46,0.52,0.72,0.55,0.54,0.5,0.5,0.5,0.56,0.48,0.49,0.51,0.52,0.69,0.66,0.53,1.38,1.65,1.86
"Korea, Dem. People's Rep.",PRK,Renewable energy consumption (% of total final energy consumption),EG.FEC.RNEW.ZS,7.19,7.53,7.74,8,8.99,9.6,10.2,9.64,9.89,9.38,8.72,8.62,9.02,9.26,9.37,9.23,8.96,10.9,10.2,12.42,13.61,18.27,17.83,24.05,21.23,23.31
Portugal,PRT,Renewable energy consumption (% of total final energy consumption),EG.FEC.RNEW.ZS,26.95,25.79,22.4,24.37,24.95,23.74,25.35,24.55,22.43,19.02,20.12,20.83,18.28,22.09,19.87,18.07,22.33,23.15,23.19,24.9,27.83,27.22,25.52,30.17,30.46,27.21
Paraguay,PRY,Renewable energy consumption (% of total final energy consumption),EG.FEC.RNEW.ZS,78.51,79.15,75.73,72.62,69.88,70.17,70.76,69.52,67.44,65.88,70.41,69.84,67.68,67.05,66.75,68.81,66.46,68.44,65.81,65.36,63.61,62.46,63.43,62.55,62.54,60.51
West Bank and Gaza,PSE,Renewable energy consumption (% of total final energy consumption),EG.FEC.RNEW.ZS,22.08,21.96,21.53,21.26,20.97,20.96,20.24,17.18,16.36,15.89,17.52,17.12,21.8,21.68,23.08,22.78,18.08,20.48,20.1,16.54,14.06,15.42,12.24,11.74,10.76,10.99
Pacific island small states,PSS,Renewable energy consumption (% of total final energy consumption),EG.FEC.RNEW.ZS,52.83891026,51.38729032,47.13460055,47.66655914,50.356743,47.17244792,46.49298201,43.03632153,39.58243478,44.7192487,43.21328084,38.02503836,41.78810667,37.67162791,35.35732394,37.79813648,36.64691932,33.84724816,36.74116667,34.73700581,29.5932337,31.36555263,31.19981432,31.09536946,31.18904206,31.39122685
Post-demographic dividend,PST,Renewable energy consumption (% of total final energy consumption),EG.FEC.RNEW.ZS,6.323066785,6.499950869,6.617693974,6.498419848,6.391649389,6.692856624,6.680599222,6.682683388,6.785054983,7.258392934,7.210685147,6.833856507,6.923543585,7.229333107,7.416946584,7.64043812,8.124907823,8.40648765,8.930626981,9.561261113,9.821632523,10.31091026,10.93817251,11.40704625,11.74737611,11.87281896
French Polynesia,PYF,Renewable energy consumption (% of total final energy consumption),EG.FEC.RNEW.ZS,4.26,4.32,6.91,7.21,6.82,8.28,7.4,7.43,10.13,7.08,8.79,6.74,6.22,7.19,7.71,7.98,10.1,9.76,9.33,9.32,7.47,6.89,6.64,6.49,7.45,7.83
Qatar,QAT,Renewable energy consumption (% of total final energy consumption),EG.FEC.RNEW.ZS,0.25,0.25,0.08,0.05,0.05,0.11,0.1,0.07,0.07,0.09,0.08,0.14,0.07,0.05,0.03,0.03,0.1,0.07,0.11,0.07,0.13,0.14,0.04,0.04,0.05,0.05
Romania,ROU,Renewable energy consumption (% of total final energy consumption),EG.FEC.RNEW.ZS,3.36,4.97,5.61,7.2,7.64,8.6,11.92,15.75,16.28,17.74,16.37,13.4,14.4,15.67,17.28,18.48,17.39,18.16,20.4,22.15,24.08,21.1,21.53,23.07,24.31,23.67
Russian Federation,RUS,Renewable energy consumption (% of total final energy consumption),EG.FEC.RNEW.ZS,3.75,3.77,3.98,4.04,3.87,3.87,3.69,3.75,3.58,3.82,3.5,3.62,3.46,3.28,3.55,3.61,3.48,3.67,3.31,3.6,3.34,3.23,3.24,3.61,3.3,3.2
Rwanda,RWA,Renewable energy consumption (% of total final energy consumption),EG.FEC.RNEW.ZS,80.09,81.83,81.56,81.33,78.54,88.36,89.15,91.12,90.81,90.76,86.78,86.89,87.13,87.3,87.55,89.25,90.59,90.31,90.63,90.54,90.47,89.7,88.78,88.47,87.95,86.31
South Asia,SAS,Renewable energy consumption (% of total final energy consumption),EG.FEC.RNEW.ZS,55.74331877,55.05360191,54.30737588,54.01790135,53.06247376,51.99415211,51.37914727,50.3042012,50.29510794,49.42434168,49.41986885,49.51322998,48.37660957,48.03161264,47.16016823,46.43346681,45.45247221,43.71773282,42.09057593,40.32512437,39.19989604,37.90735394,37.58249914,37.88814711,36.8125657,36.05926145
Saudi Arabia,SAU,Renewable energy consumption (% of total final energy consumption),EG.FEC.RNEW.ZS,0.04,0.04,0.02,0.02,0.03,0.03,0.01,0.01,0.01,0.01,0.01,0.01,0.01,0.01,0.01,0.01,0.01,0.01,0.01,0.01,0.01,0.01,0.01,0.01,0.01,0.01
Sudan,SDN,Renewable energy consumption (% of total final energy consumption),EG.FEC.RNEW.ZS,73.27,76.17,77.4,85.63,79.49,81.47,83.61,80.53,81.9,80.85,80.42,79.38,76.76,77,75.4,72.28,69.25,65.62,63.49,63.1,61.31,63.66,63.74,64.3,63.77,61.91
Senegal,SEN,Renewable energy consumption (% of total final energy consumption),EG.FEC.RNEW.ZS,55.55,55.28,53.67,55.09,54.75,53.18,52.47,50.68,48.03,45.85,47.52,45.83,43.76,43.66,39.88,40.32,43.35,40.01,39.81,51.31,49.55,47.97,49.6,42.69,42.53,39.11
Singapore,SGP,Renewable energy consumption (% of total final energy consumption),EG.FEC.RNEW.ZS,0.19,0.5,0.53,0.52,0.48,0.45,0.46,0.43,0.43,0.43,0.33,0.6,0.58,0.58,0.53,0.54,0.52,0.5,0.53,0.48,0.47,0.48,0.51,0.56,0.59,0.65
Solomon Islands,SLB,Renewable energy consumption (% of total final energy consumption),EG.FEC.RNEW.ZS,60.16,58.97,57.7,56.11,54.45,54.09,52.5,53.13,52.46,55.27,55.26,54.14,52.82,51.46,49.91,49.7,48.93,47.42,46.69,45.79,45.07,43.61,43.82,41.83,45.89,48.64
Sierra Leone,SLE,Renewable energy consumption (% of total final energy consumption),EG.FEC.RNEW.ZS,92.33,91.8,92.53,92.97,92.72,93.83,94.3,94.51,94.63,94.96,93.32,91.16,87.96,86.54,86.54,88.11,84.37,86.35,86.04,86.14,84.89,81,79.06,74.62,73.04,74.03
El Salvador,SLV,Renewable energy consumption (% of total final energy consumption),EG.FEC.RNEW.ZS,67.14,64.73,61.69,59.34,57.19,54.71,56.93,53.01,51.72,51.03,33.51,33.11,34.02,33.85,33.33,34.08,34.76,28.24,31.5,32.2,32.62,29.52,30.27,27.54,23.95,21.03
San Marino,SMR,Renewable energy consumption (% of total final energy consumption),EG.FEC.RNEW.ZS,,,,,,,,,,,,,,,,,,,,,,,,,,
Somalia,SOM,Renewable energy consumption (% of total final energy consumption),EG.FEC.RNEW.ZS,86.29,87.56,88.81,89.4,89.91,90.57,91.05,91.73,92.47,92.9,93.28,93.26,92.58,92.8,93,93.3,93.47,93.02,93.37,93.63,93.57,93.65,93.9,94.4,94.64,94.5
Serbia,SRB,Renewable energy consumption (% of total final energy consumption),EG.FEC.RNEW.ZS,14.53,17.21,17.82,19.24,20.92,23.32,18,15.23,15.5,22.1,22.09,19.55,18.01,15.67,14.64,16.1,15.33,14.03,15.5,20.68,20.47,17.44,19.47,20.03,23.25,21.24
Sub-Saharan Africa (excluding high income),SSA,Renewable energy consumption (% of total final energy consumption),EG.FEC.RNEW.ZS,70.7869993,71.46406674,72.11189287,73.04913549,73.75903371,73.38756165,72.50365182,71.63629636,72.32221513,72.85246073,72.76589907,72.64990921,72.10622925,71.44116713,70.91612519,70.66950937,70.77144523,70.26980387,70.22915326,70.29860462,70.80683181,70.27893207,69.33510168,68.21466349,67.96676892,68.52094152
South Sudan,SSD,Renewable energy consumption (% of total final energy consumption),EG.FEC.RNEW.ZS,,,,,,,,,,,,,,,,,,,,,,,30.56,30.13,29.26,27.49
Sub-Saharan Africa,SSF,Renewable energy consumption (% of total final energy consumption),EG.FEC.RNEW.ZS,70.77757531,71.45315133,72.10103209,73.0374917,73.74607532,73.37586981,72.48911401,71.62102682,72.30575986,72.83501018,72.75106094,72.63170678,72.08815112,71.42449623,70.89744474,70.65354094,70.7563244,70.25554408,70.21386895,70.28226192,70.78788022,70.26355633,69.31990533,68.20095082,67.9518598,68.50525919
Small states,SST,Renewable energy consumption (% of total final energy consumption),EG.FEC.RNEW.ZS,25.33441815,25.35752265,27.07776071,27.59612759,27.38220573,28.24057729,27.64560725,27.01775082,26.22040172,27.12643152,26.67613791,25.97317286,26.27211449,26.75837583,25.41440851,25.74128106,25.23863974,25.33790323,26.29544397,28.35806763,27.57349002,25.61414364,23.38545505,25.19435219,23.73533626,23.98119463
Sao Tome and Principe,STP,Renewable energy consumption (% of total final energy consumption),EG.FEC.RNEW.ZS,50.93,50.93,54.18,54.45,53.44,53.94,55.63,56.08,55.06,56.68,54.73,55.47,55.34,51.81,48.92,47.94,47.33,47.69,46.04,45.41,38.2,42.38,40.15,42.77,38.39,39.24
Suriname,SUR,Renewable energy consumption (% of total final energy consumption),EG.FEC.RNEW.ZS,,,,,,,,,,,23.63,24.14,27.79,24.64,22.63,18.88,22.09,24.59,26.19,26.47,22.1,21.16,15.77,17.63,12.85,11.59
Slovak Republic,SVK,Renewable energy consumption (% of total final energy consumption),EG.FEC.RNEW.ZS,2.23,2.09,2.32,4.1,4.72,4.21,3.9,3.85,3.63,3.8,3.73,6,5.48,5.35,6.25,6.31,6.57,8.23,7.63,10,10.28,10.36,10.47,10.68,12.24,13.41
Slovenia,SVN,Renewable energy consumption (% of total final energy consumption),EG.FEC.RNEW.ZS,12.35,13.13,13.9,12.36,12.34,11.49,11.09,10.23,11.09,10.95,17.96,18.67,16.31,16.9,17.77,18.58,17.36,18.35,17.63,19.57,20.07,19.14,20.22,22.48,22.91,21.38
Sweden,SWE,Renewable energy consumption (% of total final energy consumption),EG.FEC.RNEW.ZS,34.06,32.46,33.23,34.39,31.36,33.92,31.36,35.51,35.53,34.63,39.82,37.38,35.85,34.56,35.49,39.3,40.08,41.75,43.2,45.71,44.7,45.43,48.29,47.27,48.61,51.91
Eswatini,SWZ,Renewable energy consumption (% of total final energy consumption),EG.FEC.RNEW.ZS,62.23,61.78,63.23,62.17,55.32,54.65,63,54.96,56.79,56.02,59.39,61.24,63.65,65.6,65.64,66.56,71.42,71.35,72.68,70.83,72.39,72.52,71.41,69.7,71.67,71.68
Sint Maarten (Dutch part),SXM,Renewable energy consumption (% of total final energy consumption),EG.FEC.RNEW.ZS,0,0,0,0,0,0,0,0,0,0,0,0,0,0,0,0,0,0,0,0,0,0,0.05,0.05,0.05,0.05
Seychelles,SYC,Renewable energy consumption (% of total final energy consumption),EG.FEC.RNEW.ZS,4.25,3.48,3.34,3.11,2.76,2.96,2.29,2.06,1.9,1.82,1.52,1.26,1.1,1.12,0.96,0.94,0.95,1.01,0.91,0.83,0.71,0.85,0.8,1.47,1.37,1.36
Syrian Arab Republic,SYR,Renewable energy consumption (% of total final energy consumption),EG.FEC.RNEW.ZS,2.36,2.08,2.2,2.2,2.02,1.77,1.63,1.66,1.6,1.75,2,2.07,1.6,1.9,2.59,2.1,1.82,1.54,1.25,0.91,1.35,1.62,2.02,3.07,2.68,0.58
Turks and Caicos Islands,TCA,Renewable energy consumption (% of total final energy consumption),EG.FEC.RNEW.ZS,0.8,0.53,0.33,0.52,0.53,0.52,0.6,0.51,0.53,0.52,0.45,0.43,0.38,0.39,0.39,0.36,0.35,0.33,0.33,0.34,0.34,0.37,0.37,0.37,0.36,0.38
Chad,TCD,Renewable energy consumption (% of total final energy consumption),EG.FEC.RNEW.ZS,89.49,89.32,89.18,89.47,89.26,89.17,89.04,88.88,88.87,88.72,88.7,88.6,88.53,83.91,84,83.82,83.74,82.38,79.85,79.36,79.23,80.68,76.08,72.62,72.52,72.66
East Asia & Pacific (IDA & IBRD countries),TEA,Renewable energy consumption (% of total final energy consumption),EG.FEC.RNEW.ZS,37.8188396,36.99761352,36.51709364,35.01133136,34.26694621,32.43178516,33.06319828,32.40622704,32.25272067,32.62240484,32.07400058,30.82784054,29.60459782,26.87340018,23.43038412,20.91683598,19.89973978,18.49893017,17.89678938,17.04171771,15.72611333,14.73621019,14.73480105,14.56043989,14.83677303,14.47450047
Europe & Central Asia (IDA & IBRD countries),TEC,Renewable energy consumption (% of total final energy consumption),EG.FEC.RNEW.ZS,4.045884048,4.171926827,4.467784273,5.080441374,5.249915267,5.376279993,5.665126638,5.876478451,5.968630764,6.078570579,5.781220359,5.717771563,5.74985784,5.63636861,5.907860826,6.00418221,5.805968922,5.739371077,5.655681903,6.310160304,6.47053937,6.07092779,6.311027419,6.842891644,6.527837966,6.915378205
Togo,TGO,Renewable energy consumption (% of total final energy consumption),EG.FEC.RNEW.ZS,78.7,82.09,85.79,91.5,81.55,81.52,73.1,79.56,77.75,73.12,77.11,82.05,78.66,74.79,76.14,77.22,79.65,79.9,76.51,63.38,65.81,69.1,72.65,76.19,81.44,81.04
Thailand,THA,Renewable energy consumption (% of total final energy consumption),EG.FEC.RNEW.ZS,33.51,32.99,31.77,26.39,23.82,22.56,21.03,21.11,21.5,21.15,21.82,19.89,19.91,20.21,19.89,20.11,20.53,21.61,22.63,22.83,22.83,22.96,23.56,23.21,24.41,22.65
Tajikistan,TJK,Renewable energy consumption (% of total final energy consumption),EG.FEC.RNEW.ZS,29.63,30.99,37.37,43.95,57.25,60.58,62.66,56.82,55.8,59.72,62.41,64.07,64.15,64.58,61.41,63.73,61.57,53.79,54.61,60.58,61.83,59.98,55.8,55.12,45.89,48.11
Turkmenistan,TKM,Renewable energy consumption (% of total final energy consumption),EG.FEC.RNEW.ZS,0,0,0,0,0,0,0,0,0.1,0.09,0.1,0.1,0.09,0.08,0.08,0.08,0.09,0.07,0.08,0.08,0.07,0.07,0.05,0.06,0.06,0.06
Latin America & the Caribbean (IDA & IBRD countries),TLA,Renewable energy consumption (% of total final energy consumption),EG.FEC.RNEW.ZS,32.3913044,31.72097654,31.36609492,30.97143026,30.64405448,30.30677061,29.34960612,28.68003167,28.72216193,29.2272651,28.58022185,28.03602409,28.63871236,29.21991859,29.03062799,29.23159916,29.25521888,29.39792488,29.48835302,30.36446813,29.3932009,28.76928195,28.17688263,28.04172091,27.9338047,28.48562486
Timor-Leste,TLS,Renewable energy consumption (% of total final energy consumption),EG.FEC.RNEW.ZS,0,0,0,0,0,0,0,0,0,0,0,0,48.25,47.85,44.04,43.61,41.9,41.88,39.72,36.91,34.82,32.84,25.61,22.57,18.08,18
Middle East & North Africa (IDA & IBRD countries),TMN,Renewable energy consumption (% of total final energy consumption),EG.FEC.RNEW.ZS,4.058899327,3.913364037,3.772411178,3.808847611,3.518155882,3.422090354,3.473047858,3.380472383,3.355490355,3.172240459,2.959287947,2.992976135,2.938554377,3.076644925,3.381530524,3.547313662,3.3712947,3.160495754,2.691224203,2.651481977,2.660275836,2.609637033,2.556124566,2.599296585,2.463984079,2.474712578
Tonga,TON,Renewable energy consumption (% of total final energy consumption),EG.FEC.RNEW.ZS,1.41,1.29,1.57,1.43,1.23,1.16,1.46,1.26,1.24,1.03,2.48,2.7,2.48,2.01,2.15,2.15,1.86,2.17,1.99,1.82,1.01,1.14,1.15,1.58,1.7,1.94
South Asia (IDA & IBRD),TSA,Renewable energy consumption (% of total final energy consumption),EG.FEC.RNEW.ZS,55.74331877,55.05360191,54.30737588,54.01790135,53.06247376,51.99415211,51.37914727,50.3042012,50.29510794,49.42434168,49.41986885,49.51322998,48.37660957,48.03161264,47.16016823,46.43346681,45.45247221,43.71773282,42.09057593,40.32512437,39.19989604,37.90735394,37.58249914,37.88814711,36.8125657,36.05926145
Sub-Saharan Africa (IDA & IBRD countries),TSS,Renewable energy consumption (% of total final energy consumption),EG.FEC.RNEW.ZS,70.77757531,71.45315133,72.10103209,73.0374917,73.74607532,73.37586981,72.48911401,71.62102682,72.30575986,72.83501018,72.75106094,72.63170678,72.08815112,71.42449623,70.89744474,70.65354094,70.7563244,70.25554408,70.21386895,70.28226192,70.78788022,70.26355633,69.31990533,68.20095082,67.9518598,68.50525919
Trinidad and Tobago,TTO,Renewable energy consumption (% of total final energy consumption),EG.FEC.RNEW.ZS,1.19,1.3,1.28,1.34,1.26,1.18,0.99,0.93,0.9,0.86,0.76,0.71,0.69,0.6,0.6,0.54,0.55,0.45,0.46,0.49,0.38,0.38,0.37,0.36,0.35,0.37
Tunisia,TUN,Renewable energy consumption (% of total final energy consumption),EG.FEC.RNEW.ZS,14.48,14.79,14.2,13.87,14.2,14.37,14.38,14.44,14.5,14.49,14.24,14.22,14.55,14.13,13.92,14.18,14.32,14.32,14.61,16.07,12.61,13.24,13,13.17,12.86,12.5
Turkiye,TUR,Renewable energy consumption (% of total final energy consumption),EG.FEC.RNEW.ZS,24.37,23.98,23.98,23.55,24.05,21.9,21.04,20.69,21.53,20.47,17.29,18.12,17.49,16.29,16.78,15.34,14.23,12.48,12.53,13.12,14.21,12.68,13.03,13.8,11.51,13.34
Tuvalu,TUV,Renewable energy consumption (% of total final energy consumption),EG.FEC.RNEW.ZS,0,0,0,0,0,0,0,0,0,0,0.04,0.03,0.02,0.03,0.02,0.02,0.02,0.02,0.2,0.25,0.45,0.21,0.27,0.7,0.65,2.98
Tanzania,TZA,Renewable energy consumption (% of total final energy consumption),EG.FEC.RNEW.ZS,93.17,93.49,93.68,94.11,95.18,93.37,92.22,92.75,93.18,94.27,93.73,93.17,92.46,92.4,91.55,90.76,90.63,90.81,90.33,90.93,89.74,88.77,86.64,85.57,86.38,86.24
Uganda,UGA,Renewable energy consumption (% of total final energy consumption),EG.FEC.RNEW.ZS,96.78,96.79,96.86,96.95,97.45,96.73,96.47,95.65,95.17,95.21,95.01,95.22,95.35,95.28,95.02,94.11,93.82,93.74,93.73,93.87,93.18,92.79,92.95,92.55,91.84,91.07
Ukraine,UKR,Renewable energy consumption (% of total final energy consumption),EG.FEC.RNEW.ZS,0.65,0.7,0.6,0.89,1.1,0.98,0.9,1.02,1.58,1.45,1.25,1.23,1.03,0.99,1.21,1.27,1.75,2.39,2.72,2.96,2.88,2.74,2.86,3.49,3.5,4.15
Upper middle income,UMC,Renewable energy consumption (% of total final energy consumption),EG.FEC.RNEW.ZS,19.89379714,19.97384836,20.51621007,20.49172065,21.11752628,20.79508075,21.40030144,21.31277864,21.26816811,21.58644176,21.0099605,20.37775199,20.1013823,18.90843957,17.46166342,16.32263614,15.7251174,14.96637429,14.59396526,14.55460253,13.83203833,13.05211035,13.05812778,13.13655311,13.32727564,13.58688143
Uruguay,URY,Renewable energy consumption (% of total final energy consumption),EG.FEC.RNEW.ZS,44.79,43.74,43.29,42.68,42.2,41.04,37.53,37.7,36.87,33.26,38.73,41.63,43.25,43.83,39.31,41.32,37.6,43.2,44.09,44.64,53.29,49.67,47.85,51.87,56.7,59.4
United States,USA,Renewable energy consumption (% of total final energy consumption),EG.FEC.RNEW.ZS,4.18,4.51,4.76,4.28,4.09,4.73,4.76,4.51,4.53,5.71,5.43,4.68,4.84,5.33,5.48,5.84,6.4,6.3,6.85,7.35,7.44,8.36,8.73,9.08,9.22,9.03
Uzbekistan,UZB,Renewable energy consumption (% of total final energy consumption),EG.FEC.RNEW.ZS,1.3,1.22,1.41,1.62,1.59,1.47,1.66,1.45,1.23,1.48,0.72,0.78,1.02,1.42,1.05,1.62,0.85,0.9,0.8,1.25,1.35,0.95,1.34,1.19,1.4,1.71
St. Vincent and the Grenadines,VCT,Renewable energy consumption (% of total final energy consumption),EG.FEC.RNEW.ZS,15.44,11.6,13.17,12.28,10.47,9.1,8.99,8.78,7.15,6.54,8.49,6.19,6.07,5.63,5.86,5.81,5.29,4.71,5.33,4.1,5.13,6.09,5.02,5.37,3.32,4.3
"Venezuela, RB",VEN,Renewable energy consumption (% of total final energy consumption),EG.FEC.RNEW.ZS,12.02,13.24,14.15,13.23,13.83,13.15,12.89,13.88,13.68,15.04,15.29,14.03,12.84,13.41,14.64,14.23,15.6,16.64,16.35,16.21,13.79,14.76,13.71,15.29,12.01,15.33
British Virgin Islands,VGB,Renewable energy consumption (% of total final energy consumption),EG.FEC.RNEW.ZS,1.3,1.38,1.1,1.22,1.1,1.14,0.95,0.98,0.96,0.91,0.87,0.86,0.84,0.79,0.77,0.76,0.72,0.71,0.71,0.73,0.71,0.89,0.91,0.97,1,1
Virgin Islands (U.S.),VIR,Renewable energy consumption (% of total final energy consumption),EG.FEC.RNEW.ZS,0.49,0.52,0.47,0.51,0.46,0.48,0.46,0.49,0.53,0.55,0.53,0.55,0.57,0.58,0.59,0.67,0.69,0.69,0.72,0.77,0.74,1.12,1.87,2.68,3.94,5.14
Viet Nam,VNM,Renewable energy consumption (% of total final energy consumption),EG.FEC.RNEW.ZS,75.91,75.46,74.52,70.62,67.77,64.88,62.61,60.53,59.23,59.32,57.73,56.14,52.2,50.83,45.77,44.15,44.25,41.9,39.26,36.97,34.58,36.33,37.91,37.37,36.69,26.54
Vanuatu,VUT,Renewable energy consumption (% of total final energy consumption),EG.FEC.RNEW.ZS,27.63,31.86,37.31,40.28,43.46,45.43,38.85,41.42,47.25,47.97,47.75,46.6,50.9,51.37,65.47,65.38,64.66,42.4,47.68,38.66,38.08,35.75,38.98,40.92,31.51,35.62
World,WLD,Renewable energy consumption (% of total final energy consumption),EG.FEC.RNEW.ZS,16.66232979,16.82127354,17.1657801,17.20988917,17.35490067,17.42600701,17.44366344,17.47286577,17.6312835,17.87981958,17.59000309,17.26302634,17.27447326,17.12018657,16.81846282,16.65049643,16.72202078,16.53042595,16.68234557,17.09256113,16.74770892,16.71762707,16.95344844,17.21164809,17.38010859,17.4241285
Samoa,WSM,Renewable energy consumption (% of total final energy consumption),EG.FEC.RNEW.ZS,63.96,61.75,60.61,59.25,60.05,58.56,58.16,59.09,58,57.89,59.69,52.41,49.58,52.41,48.82,48.89,45.96,43.18,44.87,43.28,41.28,40.26,40.26,42.61,41.24,37.47
Kosovo,XKX,Renewable energy consumption (% of total final energy consumption),EG.FEC.RNEW.ZS,,,,,,,,,,,,,,,,,,,,,,,,,,
"Yemen, Rep.",YEM,Renewable energy consumption (% of total final energy consumption),EG.FEC.RNEW.ZS,1.78,1.41,1.31,1.48,1.44,1.24,1.22,1.15,1.07,1,0.95,0.89,0.9,0.78,0.75,0.74,0.76,0.76,0.74,0.7,0.78,0.93,1.08,0.76,0.76,1.96
South Africa,ZAF,Renewable energy consumption (% of total final energy consumption),EG.FEC.RNEW.ZS,16.63,17.47,18.37,18.59,18.57,18.12,17.44,17.11,17.28,17.67,16.18,15.01,13.28,12.07,11.1,9.89,9.42,8.86,9.9,9.37,9.65,9.23,8.49,7.94,7.72,7.73
Zambia,ZMB,Renewable energy consumption (% of total final energy consumption),EG.FEC.RNEW.ZS,83.03,82.29,82.73,85.14,86.86,87.11,89.64,87,87.75,89.82,89.98,89.76,89.56,89.2,89.28,88.68,89.43,90.32,89.36,88.68,88.59,87.28,84.63,84.56,83.77,83.09
Zimbabwe,ZWE,Renewable energy consumption (% of total final energy consumption),EG.FEC.RNEW.ZS,63.97,63.74,64.37,64.41,68.52,67.06,66.74,67.39,67.84,64.41,69.49,72.32,74.74,78.01,81.84,80.29,78.67,77.98,81.57,82.58,82.51,79.4,77.64,79.04,80.45,81
